{"cameraMode":{"drawMode":0,"name":"Shaded","section":"Shading Mode"},"sceneLighting":true,"audioPlay":false,"sceneViewState":{"m_AlwaysRefresh":false,"showFog":true,"showSkybox":true,"showFlares":true,"showImageEffects":true,"showParticleSystems":true,"showVisualEffectGraphs":true,"m_FxEnabled":true},"in2DMode":false,"pivot":{"x":0.7154351472854614,"y":-2.1649169921875,"z":229.31375122070313},"rotation":{"x":0.13043701648712159,"y":0.014867251738905907,"z":-0.0018041674047708512,"w":0.9914366006851196},"size":12.12435531616211,"orthographic":false}